--create new database
CREATE DATABASE company_db;

--create table companies

CREATE TABLE companies
  (company_id int primary key not null,
   company_name text not null);
   
--create table departments

CREATE TABLE departments
  (department_id int primary key not null,
   company_id int not null 
   references 
   companies(company_id), 
   department_name text  not null,
   manager_employee_id int not null);

--create table employees   
   
CREATE TABLE employees
  (employee_id int primary key not null, 
   department_id int not null
   references
   departments(department_id), 
   employee_name text not null, 
   designation text not null, 
   salary real not null);

-- insert sample data into companies table

INSERT INTO companies VALUES
(1,'Robinson'),
(2,'Flamingo.co'),
(3,'Tedrock'),
(4,'Asian'),
(5,'Melbourne'),
(6,'Tripdd'),
(7,'Homekart'),
(8,'Trident'),
(9,'Lemun.co');

-- insert sample data into departments table

INSERT INTO departments VALUES
(101,1,'Backend Engineering',11101),
(102,1,'Frontend Engineering',11102),
(103,1,'Full Stack Engineering',11103),
(104,1,'Data Science',11104),
(105,1,'ML Engineering',11105),
(106,1,'DevOps/Cloud Infrastructure',11106),
(107,1,'Product Operations',11107),
(108,1,'Product Design',11108),
(109,1,'Cyber Security',11109),
(110,1,'Tech Support',11110),

(201,2,'Backend Engineering',11111),
(202,2,'Frontend Engineering',11112),
(203,2,'Full Stack Engineering',11113),
(204,2,'Data Science',11114),
(205,2,'ML Engineering',11115),
(206,2,'DevOps/Cloud Infrastructure',11116),
(207,2,'Product Operations',11117),
(208,2,'Product Design',11118),
(209,2,'Cyber Security',11119),
(210,2,'Tech Support',11120),

(301,3,'Backend Engineering',11121),
(302,3,'Frontend Engineering',11122),
(303,3,'Full Stack Engineering',11123),
(304,3,'Data Science',11124),
(305,3,'ML Engineering',11125),
(306,3,'DevOps/Cloud Infrastructure',11126),
(307,3,'Product Operations',11127),
(308,3,'Product Design',11128),
(309,3,'Cyber Security',11129),
(310,3,'Tech Support',11130),

(401,4,'Backend Engineering',11131),
(402,4,'Frontend Engineering',11132),
(403,4,'Full Stack Engineering',11133),
(404,4,'Data Science',11134),
(405,4,'ML Engineering',11135),
(406,4,'DevOps/Cloud Infrastructure',11136),
(407,4,'Product Operations',11137),
(408,4,'Product Design',11138),
(409,4,'Cyber Security',11139),
(410,4,'Tech Support',11140),

(501,5,'Backend Engineering',11141),
(502,5,'Frontend Engineering',11142),
(503,5,'Full Stack Engineering',11143),
(504,5,'Data Science',11144),
(505,5,'ML Engineering',11145),
(506,5,'DevOps/Cloud Infrastructure',11146),
(507,5,'Product Operations',11147),
(508,5,'Product Design',11148),
(509,5,'Cyber Security',11149),
(510,5,'Tech Support',11150),

(601,6,'Backend Engineering',11331),
(602,6,'Frontend Engineering',11332),
(603,6,'Full Stack Engineering',11333),
(604,6,'Data Science',11334),
(605,6,'ML Engineering',11335),
(606,6,'DevOps/Cloud Infrastructure',11336),
(607,6,'Product Operations',11337),
(608,6,'Product Design',11338),
(609,6,'Cyber Security',11339),
(610,6,'Tech Support',11340),

(701,7,'Backend Engineering',11341),
(702,7,'Frontend Engineering',11342),
(703,7,'Full Stack Engineering',11343),
(704,7,'Data Science',11344),
(705,7,'ML Engineering',11345),
(706,7,'DevOps/Cloud Infrastructure',11346),
(707,7,'Product Operations',11347),
(708,7,'Product Design',11348),
(709,7,'Cyber Security',11349),
(710,7,'Tech Support',11350),

(801,8,'Backend Engineering',11351),
(802,8,'Frontend Engineering',11352),
(803,8,'Full Stack Engineering',11353),
(804,8,'Data Science',11354),
(805,8,'ML Engineering',11355),
(806,8,'DevOps/Cloud Infrastructure',11356),
(807,8,'Product Operations',11357),
(808,8,'Product Design',11358),
(809,8,'Cyber Security',11359),
(810,8,'Tech Support',11360),

(901,9,'Backend Engineering',11361),
(902,9,'Frontend Engineering',11362),
(903,9,'Full Stack Engineering',11363),
(904,9,'Data Science',11364),
(905,9,'ML Engineering',11365),
(906,9,'DevOps/Cloud Infrastructure',11366),
(907,9,'Product Operations',11367),
(908,9,'Product Design',11368),
(909,9,'Cyber Security',11369),
(910,9,'Tech Support',11370);





--insert sample data into employees table

INSERT INTO employees VALUES
(11101,101,'Manish Malhotra','Backend Engineering Manager',120000.50),
(11102,102,'Sarah Jones','Frontend Engineering Manager',118000.75),
(11103,103,'Ben Lockwood','Full Stack Engineering Manager',122500.00),
(11104,104,'Lara Vienn','Data Science Manager',130000.25),
(11105,105,'Sidharth Shukla','Machine Learning Engineering Manager',135000.00),
(11106,106,'Arpan Singh','DevOps Manager',125000.80),
(11107,107,'Priya Chopra','Product Operations Manager',115000.40),
(11108,108,'Timothy Stone','Product Design Manager',110000.00),
(11109,109,'Parnika Singh','Cyber Security Manager',128000.90),
(11110,110,'Aishely Green','Tech Support Manager',95000.00),

(11111,201,'Rohit Mehra','Backend Engineering Manager',119000.60),
(11112,202,'Emily Carter','Frontend Engineering Manager',117500.20),
(11113,203,'Daniel Brooks','Full Stack Engineering Manager',121000.00),
(11114,204,'Ananya Rao','Data Science Manager',129000.50),
(11115,205,'Kunal Verma','Machine Learning Engineering Manager',134000.00),
(11116,206,'Jason Miller','DevOps Manager',124500.75),
(11117,207,'Sneha Iyer','Product Operations Manager',114000.00),
(11118,208,'Oliver Smith','Product Design Manager',109500.00),
(11119,209,'Ritu Khanna','Cyber Security Manager',127500.30),
(11120,210,'Michael Brown','Tech Support Manager',94000.00),

(11121,301,'Akash Gupta','Backend Engineering Manager',118500.40),
(11122,302,'Sophia Williams','Frontend Engineering Manager',116800.00),
(11123,303,'Ethan Moore','Full Stack Engineering Manager',120500.90),
(11124,304,'Pooja Nair','Data Science Manager',128500.00),
(11125,305,'Arjun Patel','Machine Learning Engineering Manager',133500.75),
(11126,306,'Ryan Anderson','DevOps Manager',123800.60),
(11127,307,'Kavya Menon','Product Operations Manager',113500.00),
(11128,308,'Lucas Martin','Product Design Manager',108800.40),
(11129,309,'Neelam Joshi','Cyber Security Manager',126900.00),
(11130,310,'Hannah Wilson','Tech Support Manager',93000.00),

(11131,401,'Nikhil Sharma','Backend Engineering Manager',118000.00),
(11132,402,'Isabella Taylor','Frontend Engineering Manager',116200.50),
(11133,403,'Noah White','Full Stack Engineering Manager',120000.00),
(11134,404,'Meera Kulkarni','Data Science Manager',127800.30),
(11135,405,'Raghav Bansal','Machine Learning Engineering Manager',132900.00),
(11136,406,'Chris Thompson','DevOps Manager',123000.80),
(11137,407,'Aditi Sengupta','Product Operations Manager',112800.00),
(11138,408,'Matthew Harris','Product Design Manager',108200.00),
(11139,409,'Suman Das','Cyber Security Manager',126300.50),
(11140,410,'Laura Martinez','Tech Support Manager',92500.00),

(11141,501,'Varun Kapoor','Backend Engineering Manager',117500.00),
(11142,502,'Natalie Scott','Frontend Engineering Manager',115900.60),
(11143,503,'Andrew King','Full Stack Engineering Manager',119800.00),
(11144,504,'Shreya Banerjee','Data Science Manager',127000.00),
(11145,505,'Mohit Arora','Machine Learning Engineering Manager',132200.00),
(11146,506,'Kevin Lewis','DevOps Manager',122600.40),
(11147,507,'Riya Malhotra','Product Operations Manager',112200.00),
(11148,508,'Jonathan Clark','Product Design Manager',107900.30),
(11149,509,'Tanvi Shah','Cyber Security Manager',125800.00),
(11150,510,'Peter Young','Tech Support Manager',92000.00),

(11151,101,'Rohan Verma','Backend Engineer',85000.00),
(11152,101,'Amit Kulkarni','Backend Engineer',88000.50),
(11153,102,'Jessica Moore','Frontend Engineer',82000.00),
(11154,102,'Daniel Scott','Frontend Engineer',84000.75),
(11155,103,'Karan Mehta','Full Stack Engineer',90000.00),
(11156,103,'Neil Anderson','Full Stack Engineer',92000.40),
(11157,104,'Sneha Patil','Data Scientist',95000.00),
(11158,104,'Arjun Iyer','Data Scientist',98000.60),
(11159,105,'Vikram Joshi','ML Engineer',100000.00),
(11160,105,'Anjali Nair','ML Engineer',102500.80),
(11161,106,'Rahul Sen','DevOps Engineer',93000.00),
(11162,106,'Saurav Bose','DevOps Engineer',96000.50),
(11163,107,'Neeraj Kapoor','Product Ops Analyst',78000.00),
(11164,107,'Pallavi Desai','Product Ops Analyst',80000.00),
(11165,108,'Ritika Malhotra','Product Designer',82000.00),
(11166,108,'Chris Young','Product Designer',85000.30),
(11167,109,'Ankit Mishra','Security Analyst',94000.00),
(11168,109,'Riya Saxena','Security Analyst',97000.20),
(11169,110,'Adnan Khan','Support Engineer',65000.00),
(11170,110,'Mehul Jain','Support Engineer',68000.00),
(11171,201,'Sandeep Arora','Backend Engineer',84000.00),
(11172,201,'Ishaan Gupta','Backend Engineer',87000.00),
(11173,202,'Rachel Green','Frontend Engineer',83000.00),
(11174,202,'Tom Wilson','Frontend Engineer',86000.50),
(11175,203,'Manav Bhatia','Full Stack Engineer',91000.00),
(11176,203,'Eric Johnson','Full Stack Engineer',93500.00),
(11177,204,'Kriti Shah','Data Scientist',96000.00),
(11178,204,'Ayaan Khan','Data Scientist',98500.40),
(11179,205,'Sonal Gupta','ML Engineer',101000.00),
(11180,205,'Harsh Vardhan','ML Engineer',103500.00),
(11181,206,'Brian Adams','DevOps Engineer',94000.00),
(11182,206,'Aakash Malviya','DevOps Engineer',97000.00),
(11183,207,'Nikita Rao','Product Ops Analyst',79000.00),
(11184,207,'Varsha Kulkarni','Product Ops Analyst',81000.00),
(11185,208,'Samuel Brooks','Product Designer',83000.00),
(11186,208,'Ira Mehta','Product Designer',86000.00),
(11187,209,'Kunal Bansal','Security Analyst',95000.00),
(11188,209,'Tanya Arora','Security Analyst',97500.00),
(11189,210,'Jacob Martin','Support Engineer',66000.00),
(11190,210,'Apoorva Singh','Support Engineer',69000.00),
(11191,301,'Pranav Kulkarni','Backend Engineer',84500.00),
(11192,301,'Nishant Goyal','Backend Engineer',87500.00),
(11193,302,'Emma Clark','Frontend Engineer',83500.00),
(11194,302,'Leo Martinez','Frontend Engineer',86500.00),
(11195,303,'Rajat Malhotra','Full Stack Engineer',91500.00),
(11196,303,'Aaron Woods','Full Stack Engineer',94000.00),
(11197,304,'Tanvi Kulkarni','Data Scientist',96500.00),
(11198,304,'Rohit Nair','Data Scientist',99000.00),
(11199,305,'Naman Aggarwal','ML Engineer',101500.00),
(11200,305,'Srishti Jain','ML Engineer',104000.00),
(11201,306,'Kevin White','DevOps Engineer',94500.00),
(11202,306,'Abhinav Pandey','DevOps Engineer',97500.00),
(11203,307,'Megha Sharma','Product Ops Analyst',79500.00),
(11204,307,'Sahil Choudhary','Product Ops Analyst',81500.00),
(11205,308,'Oliver Grant','Product Designer',83500.00),
(11206,308,'Pooja Mehra','Product Designer',86500.00),
(11207,309,'Aditya Kulkarni','Security Analyst',95500.00),
(11208,309,'Neha Kapoor','Security Analyst',98000.00),
(11209,310,'Ryan Lopez','Support Engineer',66500.00),
(11210,310,'Kartik Jain','Support Engineer',69500.00),
(11211,401,'Ritesh Malviya','Backend Engineer',84500.00),
(11212,401,'Kunal Sethi','Backend Engineer',87500.00),
(11213,402,'Megan Foster','Frontend Engineer',83500.00),
(11214,402,'Alex Turner','Frontend Engineer',86500.00),
(11215,403,'Saurabh Khanna','Full Stack Engineer',91500.00),
(11216,403,'Jordan Miles','Full Stack Engineer',94000.00),
(11217,404,'Anita Rao','Data Scientist',96500.00),
(11218,404,'Vivek Nambiar','Data Scientist',99000.00),
(11219,405,'Nitin Batra','ML Engineer',101500.00),
(11220,405,'Shruti Kulkarni','ML Engineer',104000.00),
(11221,406,'Paul Edwards','DevOps Engineer',94500.00),
(11222,406,'Raghav Chandra','DevOps Engineer',97500.00),
(11223,407,'Sonal Mehta','Product Ops Analyst',79500.00),
(11224,407,'Prakash Iyer','Product Ops Analyst',81500.00),
(11225,408,'Daniel Morris','Product Designer',83500.00),
(11226,408,'Renu Saxena','Product Designer',86500.00),
(11227,409,'Aman Tiwari','Security Analyst',95500.00),
(11228,409,'Kriti Arora','Security Analyst',98000.00),
(11229,410,'Lucas Brown','Support Engineer',66500.00),
(11230,410,'Sanjay Patel','Support Engineer',69500.00),
(11231,501,'Mohak Jain','Backend Engineer',84500.00),
(11232,501,'Tarun Goyal','Backend Engineer',87500.00),
(11233,502,'Ava Robinson','Frontend Engineer',83500.00),
(11234,502,'Ethan Brooks','Frontend Engineer',86500.00),
(11235,503,'Rohan Malhotra','Full Stack Engineer',91500.00),
(11236,503,'Connor Reed','Full Stack Engineer',94000.00),
(11237,504,'Neha Kulkarni','Data Scientist',96500.00),
(11238,504,'Yogesh Nair','Data Scientist',99000.00),
(11239,505,'Siddharth Jain','ML Engineer',101500.00),
(11240,505,'Aishwarya Menon','ML Engineer',104000.00),
(11241,506,'George Walker','DevOps Engineer',94500.00),
(11242,506,'Rituraj Singh','DevOps Engineer',97500.00),
(11243,507,'Anmol Verma','Product Ops Analyst',79500.00),
(11244,507,'Nisha Kapoor','Product Ops Analyst',81500.00),
(11245,508,'Henry Collins','Product Designer',83500.00),
(11246,508,'Megha Bansal','Product Designer',86500.00),
(11247,509,'Rahul Choudhary','Security Analyst',95500.00),
(11248,509,'Simran Malhotra','Security Analyst',98000.00),
(11249,510,'Oliver King','Support Engineer',66500.00),
(11250,510,'Puneet Aggarwal','Support Engineer',69500.00),
(11251,601,'Ashish Mehta','Backend Engineer',84500.00),
(11252,601,'Lokesh Arora','Backend Engineer',87500.00),
(11253,602,'Natalie Wood','Frontend Engineer',83500.00),
(11254,602,'Chris Nolan','Frontend Engineer',86500.00),
(11255,603,'Mayank Sharma','Full Stack Engineer',91500.00),
(11256,603,'Sean Parker','Full Stack Engineer',94000.00),
(11257,604,'Radhika Iyer','Data Scientist',96500.00),
(11258,604,'Karan Pillai','Data Scientist',99000.00),
(11259,605,'Manpreet Singh','ML Engineer',101500.00),
(11260,605,'Swati Mishra','ML Engineer',104000.00),
(11261,606,'Nathan Scott','DevOps Engineer',94500.00),
(11262,606,'Amitabh Roy','DevOps Engineer',97500.00),
(11263,607,'Ishita Verma','Product Ops Analyst',79500.00),
(11264,607,'Rajeev Sinha','Product Ops Analyst',81500.00),
(11265,608,'Leo Bennett','Product Designer',83500.00),
(11266,608,'Kavita Joshi','Product Designer',86500.00),
(11267,609,'Harpreet Kaur','Security Analyst',95500.00),
(11268,609,'Naveen Patil','Security Analyst',98000.00),
(11269,610,'Dylan Scott','Support Engineer',66500.00),

(11271,701,'Ravi Malhotra','Backend Engineer',84500.00),
(11272,701,'Nilesh Jain','Backend Engineer',87500.00),
(11273,702,'Olivia Harris','Frontend Engineer',83500.00),
(11274,702,'Brian Wilson','Frontend Engineer',86500.00),
(11275,703,'Anurag Verma','Full Stack Engineer',91500.00),
(11276,703,'Kevin Hart','Full Stack Engineer',94000.00),
(11277,704,'Smita Nair','Data Scientist',96500.00),
(11278,704,'Rakesh Menon','Data Scientist',99000.00),
(11279,705,'Deepanshu Gupta','ML Engineer',101500.00),
(11280,705,'Tanisha Arora','ML Engineer',104000.00),
(11281,706,'Victor Hughes','DevOps Engineer',94500.00),
(11282,706,'Sourabh Mishra','DevOps Engineer',97500.00),
(11283,707,'Nupur Jain','Product Ops Analyst',79500.00),
(11284,707,'Mohit Saxena','Product Ops Analyst',81500.00),
(11285,708,'Aaron Blake','Product Designer',83500.00),
(11286,708,'Ritika Arora','Product Designer',86500.00),
(11287,709,'Vikas Sharma','Security Analyst',95500.00),
(11288,709,'Pallavi Kulkarni','Security Analyst',98000.00),
(11289,710,'Evan Turner','Support Engineer',66500.00),
(11290,710,'Abhishek Rao','Support Engineer',69500.00),
(11291,801,'Gaurav Sood','Backend Engineer',84500.00),
(11292,801,'Keshav Arora','Backend Engineer',87500.00),
(11293,802,'Luna Park','Frontend Engineer',83500.00),
(11294,802,'Oscar Reed','Frontend Engineer',86500.00),
(11295,803,'Rohit Bansal','Full Stack Engineer',91500.00),
(11296,803,'Miles Carter','Full Stack Engineer',94000.00),
(11297,804,'Anjali Deshpande','Data Scientist',96500.00),
(11298,804,'Sameer Kulkarni','Data Scientist',99000.00),
(11299,805,'Naveen Malhotra','ML Engineer',101500.00),
(11300,805,'Ritu Saxena','ML Engineer',104000.00),
(11301,806,'Caleb Morgan','DevOps Engineer',94500.00),
(11302,806,'Ankit Pandey','DevOps Engineer',97500.00),
(11303,807,'Mehul Jain','Product Ops Analyst',79500.00),
(11304,807,'Pooja Arora','Product Ops Analyst',81500.00),
(11305,808,'Samuel Knight','Product Designer',83500.00),
(11306,808,'Divya Mehta','Product Designer',86500.00),
(11307,809,'Ravindra Patil','Security Analyst',95500.00),
(11308,809,'Sana Khan','Security Analyst',98000.00),
(11309,810,'Noah Bennett','Support Engineer',66500.00),
(11310,810,'Kunal Verma','Support Engineer',69500.00),
(11311,901,'Saket Mishra','Backend Engineer',84500.00),
(11312,901,'Parth Shah','Backend Engineer',87500.00),
(11313,902,'Mia Turner','Frontend Engineer',83500.00),
(11314,902,'Jack Howard','Frontend Engineer',86500.00),
(11315,903,'Rishabh Jain','Full Stack Engineer',91500.00),
(11316,903,'Cole Martin','Full Stack Engineer',94000.00),
(11317,904,'Isha Malhotra','Data Scientist',96500.00),
(11318,904,'Vishal Agarwal','Data Scientist',99000.00),
(11319,905,'Kartik Gupta','ML Engineer',101500.00),
(11320,905,'Sonal Trivedi','ML Engineer',104000.00),
(11321,906,'Adam Stone','DevOps Engineer',94500.00),
(11322,906,'Nitin Chawla','DevOps Engineer',97500.00),
(11323,907,'Rhea Kapoor','Product Ops Analyst',79500.00),
(11324,907,'Alok Srivastava','Product Ops Analyst',81500.00),
(11325,908,'Theo Barnes','Product Designer',83500.00),
(11326,908,'Naina Joshi','Product Designer',86500.00),
(11327,909,'Suresh Yadav','Security Analyst',95500.00),
(11328,909,'Tina Mehra','Security Analyst',98000.00),
(11329,910,'Henry Adams','Support Engineer',66500.00),
(11330,910,'Rohan Kapoor','Support Engineer',69500.00),

(11331,601,'Saurabh Jain','Backend Engineering Manager',118500.00),
(11332,602,'Chloe Adams','Frontend Engineering Manager',116800.00),
(11333,603,'Benjamin Lee','Full Stack Engineering Manager',120500.00),
(11334,604,'Nandini Gupta','Data Science Manager',128500.00),
(11335,605,'Prateek Mishra','ML Engineering Manager',133500.00),
(11336,606,'Samuel Walker','DevOps Manager',123800.00),
(11337,607,'Isha Kapoor','Product Operations Manager',113500.00),
(11338,608,'David Robinson','Product Design Manager',108800.00),
(11339,609,'Pankhuri Goel','Cyber Security Manager',126900.00),
(11340,610,'Emma Thompson','Tech Support Manager',93000.00),

(11341,701,'Abhishek Tiwari','Backend Engineering Manager',118000.00),
(11342,702,'Grace Hall','Frontend Engineering Manager',116200.00),
(11343,703,'Henry Allen','Full Stack Engineering Manager',120000.00),
(11344,704,'Kavita Pillai','Data Science Manager',127800.00),
(11345,705,'Siddhant Kulkarni','ML Engineering Manager',132900.00),
(11346,706,'Brandon Wright','DevOps Manager',123000.00),
(11347,707,'Neha Srivastava','Product Operations Manager',112800.00),
(11348,708,'Aaron Lopez','Product Design Manager',108200.00),
(11349,709,'Rohan Chatterjee','Cyber Security Manager',126300.00),
(11350,710,'Victoria Perez','Tech Support Manager',92500.00),

(11351,801,'Deepak Yadav','Backend Engineering Manager',117500.00),
(11352,802,'Lily Nguyen','Frontend Engineering Manager',115900.00),
(11353,803,'Jack Turner','Full Stack Engineering Manager',119800.00),
(11354,804,'Sonali Deshmukh','Data Science Manager',127000.00),
(11355,805,'Aman Khurana','ML Engineering Manager',132200.00),
(11356,806,'Justin Evans','DevOps Manager',122600.00),
(11357,807,'Pallavi Kulkarni','Product Operations Manager',112200.00),
(11358,808,'Nathan Collins','Product Design Manager',107900.00),
(11359,809,'Iqbal Khan','Cyber Security Manager',125800.00),
(11360,810,'Rebecca Morgan','Tech Support Manager',92000.00),

(11361,901,'Harshit Agarwal','Backend Engineering Manager',117000.00),
(11362,902,'Zoe Parker','Frontend Engineering Manager',115500.00),
(11363,903,'Dylan Cooper','Full Stack Engineering Manager',119500.00),
(11364,904,'Ritu Aggarwal','Data Science Manager',126800.00),
(11365,905,'Ankit Saxena','ML Engineering Manager',131900.00),
(11366,906,'Mark Bennett','DevOps Manager',122000.00),
(11367,907,'Simran Kaur','Product Operations Manager',111800.00),
(11368,908,'Thomas Reed','Product Design Manager',107500.00),
(11369,909,'Nilesh Patil','Cyber Security Manager',125300.00),
(11370,910,'Olivia Stewart','Tech Support Manager',91800.00);




